[
  {
    "label": "方法/工具",
    "children": [
      {
        "label": "axios 相关",
        "path": "/axiosPt"
      },
      {
        "label": "算法相关",
        "path": "/algorithm"
      },
      {
        "label": "按钮权限方案",
        "path": "/control"
      }
    ]
  },
  {
    "label": "组件",
    "children": [
      {
        "label": "treeZ 树形组件",
        "path": "/treeZ"
      },
      {
        "label": "monthZ 单月日历",
        "path": "/monthZ"
      }
    ]
  }
]
